INSERT INTO alcohol (`name`, `maincategory`, `subcategory`, `content`, `aroma`, `taste`, `finish`, `nation`, `picture`) VALUES
                                                                                                                            ('벤리악 12년 700ml', '위스키', '싱글몰트', 46, '메이플, 꿀, 코코아, 구운 과일', '체리, 구운 오렌지, 헤이즐넛, 건포도', '모카, 술타니스, 다크 베리, 풍부한', '스코틀랜드', _binary 0x433a5c55736572735c6e5c4465736b746f705c616c636f686f6c5c3031),
                                                                                                                            ( '글렌피딕 12년 700ml', '위스키', '싱글몰트', 40, '과일, 꽃, 서양 배, 오크 ', '과일, 몰트, 버터스카치', '달콤한, 부드러운, 스파이시', '스코틀랜드', _binary 0x433a5c55736572735c6e5c4465736b746f705c616c636f686f6c5c3032),
                                                                                                                            ( '조니워커 블랙 700ml', '위스키', '블렌디드', 40, '강렬한, 바닐라, 사과, 배, 시트러스', '스모키, 크리미, 바닐라, 달콤한, 말린 과일', '스모키, 오크, 달콤한, 부드러운', '스코틀랜드', _binary 0x433a5c55736572735c6e5c4465736b746f705c616c636f686f6c5c3033),
                                                                                                                            ( '조니워커 블루 750ml', '위스키', '블렌디드', 40, '건포도, 스모키, 샌달우드, 다크 초콜릿', '헤이즐넛, 꿀, 장미 꽃, 셰리, 오렌지 ', '스파이스, 블랙 페퍼, 스모키, 긴 여운', '스코틀랜드', _binary 0x433a5c55736572735c6e5c4465736b746f705c616c636f686f6c5c3034),
                                                                                                                            ( '짐빔 화이트 750ml', '위스키', '버번', 40, '부드러운, 바닐라, 향긋한', '달콤한, 캐러멜, 조화로운', '오크, 견과류, 꿀', '미국', _binary 0x433a5c55736572735c6e5c4465736b746f705c616c636f686f6c5c3035),
                                                                                                                            ( '앙시앙 땅 까르베네 쉬라 750ml', '와인', '레드 와인', 13.5, '라즈베리, 바닐라, 블랙베리, 오크', '딸기, 블랙베리, 블랙커런트, 자두', '가죽, 부드러운, 체리, 스모키', '프랑스', _binary 0x433a5c55736572735c6e5c4465736b746f705c616c636f686f6c5c3036),
                                                                                                                            ('서브미션 까베르네 소비뇽 750ml', '와인', '레드 와인', 14.5, '검붉은 과일, 바닐라, 오크, 흑연', '체리, 바닐라, 초콜릿, 향신료', '블랙 체리, 블랙커런트, 삼나무', '미국', _binary 0x433a5c55736572735c6e5c4465736b746f705c616c636f686f6c5c3037),
                                                                                                                            ( '스톤 베이 소비뇽 블랑 750ml', '와인', '화이트 와인', 12.5, '허브, 건초, 레몬, 시트러스', '풋사과, 풀, 산뜻한, 청포도', '부드러운, 청량한, 상쾌한', '뉴질랜드', _binary 0x433a5c55736572735c6e5c4465736b746f705c616c636f686f6c5c3038),
                                                                                                                            ( '보테가 모스카토 페탈로 750ml', '와인', '스파클링 와인', 6.5, '진한 장미, 나무, 야생화', '달콤한, 복숭아, 살구, 시트러스', '산미, 세이지, 감귤', '이탈리아', _binary 0x433a5c55736572735c6e5c4465736b746f705c616c636f686f6c5c3039),
                                                                                                                            ( '도멘 데 디아블 로제 봉봉 750ml', '와인', '로제 와인', 12.5, '달콤한, 베리, 미네랄리티', '부드러운, 산뜻한, 복합적인', '달콤한, 쌉쌀한, 실키', '프랑스', _binary 0x433a5c55736572735c6e5c4465736b746f705c616c636f686f6c5c3130),
                                                                                                                            ( '미도리 750ml', '리큐르', '리큐르', 20, '꿀, 멜론, 신선한, 향긋한 ', '멜론, 시트러스, 달콤한', '부드러운, 멜론, 새콤한', '일본', _binary 0x433a5c55736572735c6e5c4465736b746f705c616c636f686f6c5c3131),
                                                                                                                            ( '잭 다니엘스 애플 700ml', '리큐르', '리큐르', 35, '청사과, 달콤한, 바닐라, 가벼운, 오크', '꿀, 커스터드, 잘 익은 배, 오렌지 껍질', '졸인 사과, 가벼운 스모키, 달콤한, 부드러운', '미국', _binary 0x433a5c55736572735c6e5c4465736b746f705c616c636f686f6c5c3132),
                                                                                                                            ( '말리부 오리지널 700ml', '리큐르', '리큐르', 21, '열대 과일, 코코넛', '달콤한, 코코넛, 버터, 바닐라', '달콤한, 코코넛, 부드러운', '바베이도스', _binary 0x433a5c55736572735c6e5c4465736b746f705c616c636f686f6c5c3133),
                                                                                                                            ( '헤네시 XO 700ml', '브랜디', '꼬냑', 40, '잼, 설탕에 절인 과일, 오크', '스파이시, 다크 초콜릿, 후추', '바닐라, 복합적인, 따뜻한, 초콜릿', '프랑스', _binary 0x433a5c55736572735c6e5c4465736b746f705c616c636f686f6c5c3134),
                                                                                                                            ( '불라 깔바도스 VSOP 700ml', '브랜디', '깔바도스', 40, '과일, 우아한, 오크, 헤이즐넛, 토스트, 브리오슈', '균형 잡힌, 바닐라, 오크, 원숙한, 사과', '긴 여운', '프랑스', _binary 0x433a5c55736572735c6e5c4465736b746f705c616c636f686f6c5c3135),
                                                                                                                            ( '자노 아르마냑 XO 700ml', '브랜디', '아르마냑', 40, '건자두, 다크 체리, 블랙베리, 레드베리,딸기', '우디, 구운 아몬드, 모과 잼, 절인 살구', '스파이시, 깔끔한', '프랑스', _binary 0x433a5c55736572735c6e5c4465736b746f705c616c636f686f6c5c3136),
                                                                                                                            ( '라가불린 16년 700ml', '위스키', '싱글몰트', 43, '강한 피트, 스모키, 부드러운, 달콤한, 홍차, 셰리, 바닐라', '베이컨 , 해초, 말린 과일, 달콤한, 몰트, 따뜻한', '드라이한, 스파이시, 달콤한, 바닐라.', '스코틀랜드', _binary 0x433a5c55736572735c6e5c4465736b746f705c616c636f686f6c5c3137),
                                                                                                                            ( '글렌모렌지 오리지널 10년 700ml', '위스키', '싱글몰트', 40, '감귤, 시트러스, 잘 익은 복숭아, 바닐라', '과일, 꽃, 바닐라', '오렌지, 복숭아, 깔끔한, 부드러운', '스코틀랜드', _binary 0x433a5c55736572735c6e5c4465736b746f705c616c636f686f6c5c3138),
                                                                                                                            ( '빅 피트 700ml', '위스키', '블렌디드', 46, '몰트, 짭짤한, 달콤한', '피트, 달콤한, 스모키', '짭짤한, 스모키, 긴 여운', '스코틀랜드', _binary 0x433a5c55736572735c6e5c4465736b746f705c616c636f686f6c5c3139),
                                                                                                                            ( '락 아일랜드 700ml', '위스키', '블렌디드', 46.8, '신선한, 짭짤한, 바다 내음', '꿀, 감초, 후추, 부드러운, 달콤한', '긴 여운, 피트, 스모키', '스코틀랜드', _binary 0x433a5c55736572735c6e5c4465736b746f705c616c636f686f6c5c3230),
                                                                                                                            ( '위스키 로우 스트레이트 버번 750ml', '위스키', '버번', 40, '바닐라, 캐러멜, 풍부한', '메이플 시럽, 달콤한, 부드러운', '그을린 오크, 바닐라, 꿀', '미국', _binary 0x433a5c55736572735c6e5c4465736b746f705c616c636f686f6c5c3231),
                                                                                                                            ( '인드리 싱글몰트 위스키 700ml', '위스키', '싱글몰트', 46, '홍차, 오크, 바닐라, 캐러멜, 셰리에 절인 건포도', '신선한, 우아한, 견과류, 꿀, 포도, 부드러운, 시트러스', '긴 여운, 부드러운', '인도', _binary 0x433a5c55736572735c6e5c4465736b746f705c616c636f686f6c5c3232),
                                                                                                                            ( '달모어 12년 700ml', '위스키', '싱글몰트', 40, '스파이시, 초콜릿, 열대과일', '바닐라, 셰리, 열대과일', '스모키, 초콜릿, 로스팅한 커피', '스코틀랜드', _binary 0x433a5c55736572735c6e5c4465736b746f705c616c636f686f6c5c3233),
                                                                                                                            ( '발렌타인 마스터즈 700ml', '위스키', '블렌디드', 40, '오크, 꿀, 바닐라', '오렌지, 배, 감미로운', '은은한, 달콤한', '스코틀랜드', _binary 0x433a5c55736572735c6e5c4465736b746f705c616c636f686f6c5c3234),
                                                                                                                            ( '발렌타인 12년 700ml', '위스키', '블렌디드', 40, '벌꿀, 오크, 바닐라', '벌꿀, 꽃, 오크', '긴 여운, 달콤한, 산뜻한', '스코틀랜드', _binary 0x433a5c55736572735c6e5c4465736b746f705c616c636f686f6c5c3235),
                                                                                                                            ( '맥캘란 12년 더블 캐스크 700ml', '위스키', '싱글몰트', 40, '바닐라, 버터, 사과, 오렌지, 토피', '건포도, 시트러스, 감귤, 캐러멜', '달콤한, 따뜻한, 오크', '스코틀랜드', _binary 0x433a5c55736572735c6e5c4465736b746f705c616c636f686f6c5c3236),
                                                                                                                            ( '벤로막 15년 700ml', '위스키', '싱글몰트', 43, '피트, 다크 초콜릿, 달콤한', '스모키, 스파이시, 셰리', '부드러운', '스코틀랜드', _binary 0x433a5c55736572735c6e5c4465736b746f705c616c636f686f6c5c3237),
                                                                                                                            ( '라프로익 쿼터 캐스크 700ml', '위스키', '싱글몰트', 48, '건포도, 살구, 바나나, 피트', '풍부한, 피트, 과일, 코코넛, 바닐라', '달콤한, 부드러운, 캐러멜, 긴 여운', '스코틀랜드', _binary 0x433a5c55736572735c6e5c4465736b746f705c616c636f686f6c5c3238),
                                                                                                                            ( '아란 마크리무어 CS 700ml', '위스키', '싱글몰트', 56.2, '스모키, 피트, 레몬', '몰트, 과일, 브리오슈, 구운 파인애플, 블랙 페퍼', '긴 여운, 바닐라, 피트, 스모키 ', '스코틀랜드', _binary 0x433a5c55736572735c6e5c4465736b746f705c616c636f686f6c5c3239),
                                                                                                                            ( '로얄살루트 21년 700ml', '위스키', '블렌디드', 40, '감귤, 꽃, 바닐라, 서양 배, 체리', '마멀레이드, 멜론, 스모키, 헤이즐넛', '향긋한, 풍부한, 긴 여운, 오크', '스코틀랜드', _binary 0x433a5c55736572735c6e5c4465736b746f705c616c636f686f6c5c3330),
                                                                                                                            ( '더 페이머스 그라우스 700ml', '위스키', '블렌디드', 40, '과일, 셰리, 시트러스', '부드러운, 향신료, 말린 과일, 달콤한 ', '균현 잡힌, 부드러운, 스파이시', '스코틀랜드', _binary 0x433a5c55736572735c6e5c4465736b746f705c616c636f686f6c5c3331),
                                                                                                                            ( '커티 삭 700ml', '위스키', '블렌디드', 40, '바닐라, 시트러스, 신선한', '캐러멜, 몰트, 달콤한, 감귤', '우아한, 부드러운, 상쾌한', '스코틀랜드', _binary 0x433a5c55736572735c6e5c4465736b746f705c616c636f686f6c5c3332),
                                                                                                                            ( '조니워커 블랙 1L', '위스키', '블렌디드', 40, '바닐라, 사과, 배, 시트러스', '크리미, 달콤한, 말린 과일, 스파이시', '스모키, 오크, 달콤한, 부드러운', '스코틀랜드', _binary 0x433a5c55736572735c6e5c4465736b746f705c616c636f686f6c5c3033),
                                                                                                                            ( '랭스 700ml', '위스키', '블렌디드', 40, '오크, 바닐라', '달콤한, 부드러운', '부드러운', '스코틀랜드', _binary 0x433a5c55736572735c6e5c4465736b746f705c616c636f686f6c5c3334),
                                                                                                                            ( '미스터 보스턴 버번 1L', '위스키', '버번', 40, '오크, 사과, 바닐라', '몰트, 바닐라, 오렌지', '부드러운, 가벼운, 깔끔한', '미국', _binary 0x433a5c55736572735c6e5c4465736b746f705c616c636f686f6c5c3335),
                                                                                                                            ( '와일드 터키 101 18년 700ml', '위스키', '버번', 50.5, '바닐라, 오렌지, 오크, 캐러멜', '계피, 과일, 스파이스, 호밀', '다크 초콜릿, 오크', '미국', _binary 0x433a5c55736572735c6e5c4465736b746f705c616c636f686f6c5c3336),
                                                                                                                            ( '메이커스 마크 750ml ', '위스키', '버번', 45, '바닐라, 캐러멜, 오크, 과일', '달콤한, 균형 잡힌, 프루티', '향신료, 부드러운, 깔끔한', '미국', _binary 0x433a5c55736572735c6e5c4465736b746f705c616c636f686f6c5c3337),
                                                                                                                            ( '버팔로 트레이스 750ml', '위스키', '버번', 45, '민트, 바닐라, 균형 잡힌', '오크, 토피, 향신료, 호밀', '긴 여운, 바닐라, 우아한', '미국', _binary 0x433a5c55736572735c6e5c4465736b746f705c616c636f686f6c5c3338),
                                                                                                                            ( '납 크릭 750ml', '위스키', '버번', 50, '견과류, 몰트, 과일', '오크, 달콤한, 스파이시', '풍부한, 긴 여운, 부드러운', '미국', _binary 0x433a5c55736572735c6e5c4465736b746f705c616c636f686f6c5c3339),
                                                                                                                            ( '이글 레어 10년 750ml', '위스키', '버번', 45, '토피, 오렌지 껍질, 허브, 꿀, 가죽', '오크, 설탕, 코팅된 아몬드, 코코아', '긴 여운, 드라이한, 바닐라, 레드 커런트', '미국', _binary 0x433a5c55736572735c6e5c4465736b746f705c616c636f686f6c5c3430),
                                                                                                                            ( '노아스 밀 750ml', '위스키', '버번', 57.15, '바닐라, 스파이스, 시나몬, 캐러멜, 풀', '민트, 바닐라, 시나몬, 옥수수, 풀내음', '오크, 긴 내음', '미국', _binary 0x433a5c55736572735c6e5c4465736b746f705c616c636f686f6c5c3431),
                                                                                                                            ( '파이어볼 500ml', '리큐르', '리큐르', 33, '시나몬, 민트, 정향', '달콤한, 시나몬, 오렌지, 소나무', '시나몬, 강렬한', '캐나다', _binary 0x433a5c55736572735c6e5c4465736b746f705c616c636f686f6c5c3432),
                                                                                                                            ( '아페롤 700ml', '리큐르', '리큐르', 11, '오렌지 껍질, 바닐라, 허브', '달콤한, 쌉쌀한, 오렌지, 허브', '부드러운, 긴 여운, 향긋한', '이탈리아', _binary 0x433a5c55736572735c6e5c4465736b746f705c616c636f686f6c5c3433),
                                                                                                                            ( '디카이퍼 트리플 섹 700ml', '리큐르', '리큐르', 40, '시트러스, 감귤, 오렌지', '오렌지', '달콤한', '네덜란드', _binary 0x433a5c55736572735c6e5c4465736b746f705c616c636f686f6c5c3434),
                                                                                                                            ( '볼스 블루 큐라소 700ml', '리큐르', '리큐르', 21, '감귤, 시트러스, 오렌지', '달콤한, 쌉쌀한', '달콤한, 오렌지', '네덜란드', _binary 0x433a5c55736572735c6e5c4465736b746f705c616c636f686f6c5c3435),
                                                                                                                            ( '유즈 28 720ml', '리큐르', '리큐르', 8, '상큼한, 달콤한, 유자', '새콤한, 벌꿀, 시트러스', '산뜻한, 깔끔한, 상쾌한', '일본', _binary 0x433a5c55736572735c6e5c4465736b746f705c616c636f686f6c5c3436),
                                                                                                                            ( '바카디 클래식 칵테일 모히토 700ml', '리큐르', '리큐르', 18, '달콤한, 라임', '라임, 모히또', '상큼한, 쌉쌀한', '이탈리아', _binary 0x433a5c55736572735c6e5c4465736b746f705c616c636f686f6c5c3437),
                                                                                                                            ( '벨로틴 피넛 버터 초콜릿 리큐르 750ml', '리큐르', '리큐르', 30, '땅콩 버터, 버번, 다크 초콜릿', '바닐라, 견과류, 고소한', '스모키, 부드러운, 메이플 시럽', '미국', _binary 0x433a5c55736572735c6e5c4465736b746f705c616c636f686f6c5c3438),
                                                                                                                            ( '볼스 핑크 자몽 피크닉 패키지 700ml', '리큐르', '리큐르', 17, '상큼한, 자몽, 시트러스', '자몽, 달콤한, 쌉쌀한', '달콤한, 쌉쌀한', '네덜란드', _binary 0x433a5c55736572735c6e5c4465736b746f705c616c636f686f6c5c3439),
                                                                                                                            ( '마리브리자드 아마레또 700ml', '리큐르', '리큐르', 23, '아몬드, 고소한, 강렬한', '아몬드, 달콤한, 체리', '부드러운, 달콤한, 쌉쌀한', '프랑스', _binary 0x433a5c55736572735c6e5c4465736b746f705c616c636f686f6c5c3530);



INSERT INTO `review` (`grade`,  `email`, `marketname`, `name`, `picture`, `writing`) VALUES
                                                                                         (8,  'aaa@naver.com', '대구', '말리부 오리지널 700ml', '리뷰 사진 입니다.', '리뷰 글 입니다.'),
                                                                                         (5,  'aaa@naver.com', '대구', '말리부 오리지널 700ml', '리뷰 사진 입니다.', '리뷰 글 입니다.'),
                                                                                         (3,  'aaa@naver.com', '대구', '짐빔 화이트 750ml', '리뷰 사진 입니다.', '리뷰 글 입니다.'),
                                                                                         (7,  'aaa@naver.com', '대구', '잭 다니엘스 애플 700ml', '리뷰 사진 입니다.', '리뷰 글 입니다.'),
                                                                                         (8,  'abc@naver.com', '대구', '잭 다니엘스 애플 700ml', '리뷰 사진 입니다.', '리뷰 글 입니다.'),
                                                                                         (6,  'abc@naver.com', '대구', '잭 다니엘스 애플 700ml', '리뷰 사진 입니다.', '리뷰 글 입니다.');



INSERT INTO `favorites` ( `email`, `name`) VALUES
                                               ('aaa@naver.com', '벤리악 12년 700ml'),
                                               ( 'aaa@naver.com', '짐빔 화이트 750ml'),
                                               ( 'ddd@naver.com', '짐빔 화이트 750ml');

INSERT INTO `purchase` (`price`, `purchaseday`, `address`, `email`, `marketname`, `name`, `order_number`, `division`,  `ordertype`, `amount`) VALUES
                                                                                                                                                  (45000, '2024-04-20',  '대구', 'aaa@naver.com', '대구', '발렌타인 마스터즈 700ml', '1', 'BUY',  'PICKUP',5),
                                                                                                                                                  (45000, '2024-04-20',  '대구', 'aaa@naver.com', '대구', '빅 피트 700ml', '2', 'BUY',  'DELIVERY',6),
                                                                                                                                                  (45000, '2024-04-21',  '대구', 'aaa@naver.com', '대구', '헤네시 XO 700ml', '3', 'BUY',  'DELIVERY',7),
                                                                                                                                                  (45000, '2024-04-21',  '대구', 'aaa@naver.com', '대구', '헤네시 XO 700ml', '4', 'RETURN',  'DELIVERY',6),
                                                                                                                                                  (45000, '2024-04-21',  '대구', 'aaa@naver.com', '대구', '달모어 12년 700ml', '5', 'BUY',  'PICKUP',5),
                                                                                                                                                  (45000, '2024-04-20',  '대구', 'aba@naver.com', '대구', '발렌타인 마스터즈 700ml', '1', 'RETURN',  'PICKUP',4),
                                                                                                                                                  (55000, '2024-04-21',  '대구', 'aaa@naver.com', '대구', '달모어 12년 700ml', '5', 'RETURN', 'DELIVERY',5),
                                                                                                                                                  (55000, '2024-04-21',  '대구', 'aba@naver.com', '대구', '달모어 12년 700ml', '5', 'RETURN', 'DELIVERY',6),
                                                                                                                                                  (55000, '2024-04-21',  '대구', 'aba@naver.com', '대구', '달모어 12년 700ml', '5', 'RETURN', 'DELIVERY',6),
                                                                                                                                                  ( 55000, '2024-04-21',  '대구', 'aba@naver.com', '대구', '발렌타인 마스터즈 700ml', '5', 'RETURN',  'DELIVERY',7);